<?xml version="1.0" encoding="UTF-8"?>
<project-private xmlns="http://www.netbeans.org/ns/project-private/1">
    <editor-bookmarks xmlns="http://www.netbeans.org/ns/editor-bookmarks/2" lastBookmarkId="0"/>
    <open-files xmlns="http://www.netbeans.org/ns/projectui-open-files/2">
        <group>
            <file>file:/F:/backup170521/ADocuments/01_MisionTIC/ciclo2/java/reto3/JavaApplicationR3/src/Persona.java</file>
            <file>file:/F:/backup170521/ADocuments/01_MisionTIC/ciclo2/java/reto3/JavaApplicationR3/src/A1Main.java</file>
            <file>file:/F:/backup170521/ADocuments/01_MisionTIC/ciclo2/java/reto3/JavaApplicationR3/src/Estudiante.java</file>
            <file>file:/F:/backup170521/ADocuments/01_MisionTIC/ciclo2/java/reto3/JavaApplicationR3/src/Carnivoro.java</file>
            <file>file:/F:/backup170521/ADocuments/01_MisionTIC/ciclo2/java/reto3/JavaApplicationR3/src/Hervivoro.java</file>
            <file>file:/F:/backup170521/ADocuments/01_MisionTIC/ciclo2/java/reto3/JavaApplicationR3/src/Animal.java</file>
            <file>file:/F:/backup170521/ADocuments/01_MisionTIC/ciclo2/java/reto3/JavaApplicationR3/src/Empleado.java</file>
        </group>
    </open-files>
</project-private>
