<?xml version="1.0" encoding="UTF-8"?>
<project-private xmlns="http://www.netbeans.org/ns/project-private/1">
    <editor-bookmarks xmlns="http://www.netbeans.org/ns/editor-bookmarks/2" lastBookmarkId="0"/>
    <open-files xmlns="http://www.netbeans.org/ns/projectui-open-files/2">
        <group>
            <file>file:/F:/backup170521/ADocuments/01_MisionTIC/ciclo2/java/reto2/JavaReto2/src/javareto2/Asistencia.java</file>
            <file>file:/F:/backup170521/ADocuments/01_MisionTIC/ciclo2/java/reto2/JavaReto2/src/javareto2/JavaReto2.java</file>
            <file>file:/F:/backup170521/ADocuments/01_MisionTIC/ciclo2/java/reto2/JavaReto2/src/javareto2/Tripulante.java</file>
        </group>
    </open-files>
</project-private>
